id,name,model_id:id,group_id:id,perm_read,perm_write,perm_create,perm_unlink
access_interntion_employer_user,interntion.employer.user,model_interntion_employer,group_interntion_user,1,1,1,0
access_interntion_employer_manager,interntion.employer.manager,model_interntion_employer,group_interntion_manager,1,1,1,1
access_interntion_employer_system,interntion.employer.system,model_interntion_employer,base.group_system,1,1,1,1
access_interntion_mentor_user,interntion.mentor.user,model_interntion_mentor,group_interntion_user,1,1,1,0
access_interntion_mentor_manager,interntion.mentor.manager,model_interntion_mentor,group_interntion_manager,1,1,1,1
access_interntion_internship_user,interntion.internship.user,model_interntion_internship,group_interntion_user,1,1,1,0
access_interntion_internship_manager,interntion.internship.manager,model_interntion_internship,group_interntion_manager,1,1,1,1
access_interntion_project_user,interntion.project.user,model_interntion_project,group_interntion_user,1,1,1,0
access_interntion_project_manager,interntion.project.manager,model_interntion_project,group_interntion_manager,1,1,1,1
access_interntion_service_user,interntion.service.user,model_interntion_service,group_interntion_user,1,0,0,0
access_interntion_service_manager,interntion.service.manager,model_interntion_service,group_interntion_manager,1,1,1,1
access_interntion_testimonial_user,interntion.testimonial.user,model_interntion_testimonial,group_interntion_user,1,0,0,0
access_interntion_testimonial_manager,interntion.testimonial.manager,model_interntion_testimonial,group_interntion_manager,1,1,1,1
access_interntion_faq_user,interntion.faq.user,model_interntion_faq,group_interntion_user,1,0,0,0
access_interntion_faq_manager,interntion.faq.manager,model_interntion_faq,group_interntion_manager,1,1,1,1
access_interntion_dashboard_user,interntion.dashboard.user,model_interntion_dashboard,group_interntion_user,1,1,1,0
access_interntion_dashboard_manager,interntion.dashboard.manager,model_interntion_dashboard,group_interntion_manager,1,1,1,1
access_interntion_dashboard_system,interntion.dashboard.system,model_interntion_dashboard,base.group_system,1,1,1,1
access_interntion_industry_user,interntion.industry.user,model_interntion_industry,group_interntion_user,1,0,0,0
access_interntion_industry_manager,interntion.industry.manager,model_interntion_industry,group_interntion_manager,1,1,1,1
access_interntion_addon_user,interntion.addon.service.user,model_interntion_addon_service,group_interntion_user,1,0,0,0
access_interntion_addon_manager,interntion.addon.service.manager,model_interntion_addon_service,group_interntion_manager,1,1,1,1
access_interntion_support_user,interntion.support.ticket.user,model_interntion_support_ticket,group_interntion_user,1,1,1,0
access_interntion_support_manager,interntion.support.ticket.manager,model_interntion_support_ticket,group_interntion_manager,1,1,1,1
access_interntion_ai_agent_manager,interntion.ai.agent.manager,model_interntion_ai_agent,group_interntion_manager,1,1,1,1
access_interntion_market_user,interntion.market.user,model_interntion_market,group_interntion_user,1,1,1,0
access_interntion_market_manager,interntion.market.manager,model_interntion_market,group_interntion_manager,1,1,1,1
access_interntion_market_system,interntion.market.system,model_interntion_market,base.group_system,1,1,1,1
access_interntion_market_price_user,interntion.market.price.user,model_interntion_market_price,group_interntion_user,1,1,1,0
access_interntion_market_price_manager,interntion.market.price.manager,model_interntion_market_price,group_interntion_manager,1,1,1,1
access_interntion_call_log_user,interntion.call.log.user,model_interntion_call_log,group_interntion_user,1,1,1,0
access_interntion_call_log_manager,interntion.call.log.manager,model_interntion_call_log,group_interntion_manager,1,1,1,1
access_interntion_call_log_wizard_user,interntion.call.log.wizard.user,model_interntion_call_log_wizard,group_interntion_user,1,1,1,0
access_interntion_call_log_wizard_manager,interntion.call.log.wizard.manager,model_interntion_call_log_wizard,group_interntion_manager,1,1,1,1
access_interntion_lead_match_user,interntion.lead.match.user,model_interntion_lead_match,group_interntion_user,1,1,1,0
access_interntion_lead_match_manager,interntion.lead.match.manager,model_interntion_lead_match,group_interntion_manager,1,1,1,1
access_interntion_lead_match_system,interntion.lead.match.system,model_interntion_lead_match,base.group_system,1,1,1,1
access_interntion_lead_generation_user,interntion.lead.generation.user,model_interntion_lead_generation,group_interntion_user,1,1,1,1
